{"m_IconGlyphList":[{"m_Name":"circle_stroke_thin","m_Unicode":"E90A"},{"m_Name":"checkbox_check","m_Unicode":"E901"},{"m_Name":"checkbox_frame","m_Unicode":"E900"},{"m_Name":"circle","m_Unicode":"E902"},{"m_Name":"circle_stroke","m_Unicode":"E903"},{"m_Name":"dropdown_arrow","m_Unicode":"E904"},{"m_Name":"radio_dot","m_Unicode":"E905"},{"m_Name":"radio_ring","m_Unicode":"E906"},{"m_Name":"slider_popup","m_Unicode":"E907"},{"m_Name":"switch_back","m_Unicode":"E908"},{"m_Name":"switch_front","m_Unicode":"E909"}]}