{"m_IconGlyphList":[{"m_Name":"3d_rotation","m_Unicode":"e84d"},{"m_Name":"ac_unit","m_Unicode":"eb3b"},{"m_Name":"access_alarm","m_Unicode":"e190"},{"m_Name":"access_alarms","m_Unicode":"e191"},{"m_Name":"access_time","m_Unicode":"e192"},{"m_Name":"accessibility","m_Unicode":"e84e"},{"m_Name":"accessible","m_Unicode":"e914"},{"m_Name":"account_balance","m_Unicode":"e84f"},{"m_Name":"account_balance_wallet","m_Unicode":"e850"},{"m_Name":"account_box","m_Unicode":"e851"},{"m_Name":"account_circle","m_Unicode":"e853"},{"m_Name":"adb","m_Unicode":"e60e"},{"m_Name":"add","m_Unicode":"e145"},{"m_Name":"add_a_photo","m_Unicode":"e439"},{"m_Name":"add_alarm","m_Unicode":"e193"},{"m_Name":"add_alert","m_Unicode":"e003"},{"m_Name":"add_box","m_Unicode":"e146"},{"m_Name":"add_circle","m_Unicode":"e147"},{"m_Name":"add_circle_outline","m_Unicode":"e148"},{"m_Name":"add_location","m_Unicode":"e567"},{"m_Name":"add_shopping_cart","m_Unicode":"e854"},{"m_Name":"add_to_photos","m_Unicode":"e39d"},{"m_Name":"add_to_queue","m_Unicode":"e05c"},{"m_Name":"adjust","m_Unicode":"e39e"},{"m_Name":"airline_seat_flat","m_Unicode":"e630"},{"m_Name":"airline_seat_flat_angled","m_Unicode":"e631"},{"m_Name":"airline_seat_individual_suite","m_Unicode":"e632"},{"m_Name":"airline_seat_legroom_extra","m_Unicode":"e633"},{"m_Name":"airline_seat_legroom_normal","m_Unicode":"e634"},{"m_Name":"airline_seat_legroom_reduced","m_Unicode":"e635"},{"m_Name":"airline_seat_recline_extra","m_Unicode":"e636"},{"m_Name":"airline_seat_recline_normal","m_Unicode":"e637"},{"m_Name":"airplanemode_active","m_Unicode":"e195"},{"m_Name":"airplanemode_inactive","m_Unicode":"e194"},{"m_Name":"airplay","m_Unicode":"e055"},{"m_Name":"airport_shuttle","m_Unicode":"eb3c"},{"m_Name":"alarm","m_Unicode":"e855"},{"m_Name":"alarm_add","m_Unicode":"e856"},{"m_Name":"alarm_off","m_Unicode":"e857"},{"m_Name":"alarm_on","m_Unicode":"e858"},{"m_Name":"album","m_Unicode":"e019"},{"m_Name":"all_inclusive","m_Unicode":"eb3d"},{"m_Name":"all_out","m_Unicode":"e90b"},{"m_Name":"android","m_Unicode":"e859"},{"m_Name":"announcement","m_Unicode":"e85a"},{"m_Name":"apps","m_Unicode":"e5c3"},{"m_Name":"archive","m_Unicode":"e149"},{"m_Name":"arrow_back","m_Unicode":"e5c4"},{"m_Name":"arrow_downward","m_Unicode":"e5db"},{"m_Name":"arrow_drop_down","m_Unicode":"e5c5"},{"m_Name":"arrow_drop_down_circle","m_Unicode":"e5c6"},{"m_Name":"arrow_drop_up","m_Unicode":"e5c7"},{"m_Name":"arrow_forward","m_Unicode":"e5c8"},{"m_Name":"arrow_upward","m_Unicode":"e5d8"},{"m_Name":"art_track","m_Unicode":"e060"},{"m_Name":"aspect_ratio","m_Unicode":"e85b"},{"m_Name":"assessment","m_Unicode":"e85c"},{"m_Name":"assignment","m_Unicode":"e85d"},{"m_Name":"assignment_ind","m_Unicode":"e85e"},{"m_Name":"assignment_late","m_Unicode":"e85f"},{"m_Name":"assignment_return","m_Unicode":"e860"},{"m_Name":"assignment_returned","m_Unicode":"e861"},{"m_Name":"assignment_turned_in","m_Unicode":"e862"},{"m_Name":"assistant","m_Unicode":"e39f"},{"m_Name":"assistant_photo","m_Unicode":"e3a0"},{"m_Name":"attach_file","m_Unicode":"e226"},{"m_Name":"attach_money","m_Unicode":"e227"},{"m_Name":"attachment","m_Unicode":"e2bc"},{"m_Name":"audiotrack","m_Unicode":"e3a1"},{"m_Name":"autorenew","m_Unicode":"e863"},{"m_Name":"av_timer","m_Unicode":"e01b"},{"m_Name":"backspace","m_Unicode":"e14a"},{"m_Name":"backup","m_Unicode":"e864"},{"m_Name":"battery_alert","m_Unicode":"e19c"},{"m_Name":"battery_charging_full","m_Unicode":"e1a3"},{"m_Name":"battery_full","m_Unicode":"e1a4"},{"m_Name":"battery_std","m_Unicode":"e1a5"},{"m_Name":"battery_unknown","m_Unicode":"e1a6"},{"m_Name":"beach_access","m_Unicode":"eb3e"},{"m_Name":"beenhere","m_Unicode":"e52d"},{"m_Name":"block","m_Unicode":"e14b"},{"m_Name":"bluetooth","m_Unicode":"e1a7"},{"m_Name":"bluetooth_audio","m_Unicode":"e60f"},{"m_Name":"bluetooth_connected","m_Unicode":"e1a8"},{"m_Name":"bluetooth_disabled","m_Unicode":"e1a9"},{"m_Name":"bluetooth_searching","m_Unicode":"e1aa"},{"m_Name":"blur_circular","m_Unicode":"e3a2"},{"m_Name":"blur_linear","m_Unicode":"e3a3"},{"m_Name":"blur_off","m_Unicode":"e3a4"},{"m_Name":"blur_on","m_Unicode":"e3a5"},{"m_Name":"book","m_Unicode":"e865"},{"m_Name":"bookmark","m_Unicode":"e866"},{"m_Name":"bookmark_border","m_Unicode":"e867"},{"m_Name":"border_all","m_Unicode":"e228"},{"m_Name":"border_bottom","m_Unicode":"e229"},{"m_Name":"border_clear","m_Unicode":"e22a"},{"m_Name":"border_color","m_Unicode":"e22b"},{"m_Name":"border_horizontal","m_Unicode":"e22c"},{"m_Name":"border_inner","m_Unicode":"e22d"},{"m_Name":"border_left","m_Unicode":"e22e"},{"m_Name":"border_outer","m_Unicode":"e22f"},{"m_Name":"border_right","m_Unicode":"e230"},{"m_Name":"border_style","m_Unicode":"e231"},{"m_Name":"border_top","m_Unicode":"e232"},{"m_Name":"border_vertical","m_Unicode":"e233"},{"m_Name":"branding_watermark","m_Unicode":"e06b"},{"m_Name":"brightness_1","m_Unicode":"e3a6"},{"m_Name":"brightness_2","m_Unicode":"e3a7"},{"m_Name":"brightness_3","m_Unicode":"e3a8"},{"m_Name":"brightness_4","m_Unicode":"e3a9"},{"m_Name":"brightness_5","m_Unicode":"e3aa"},{"m_Name":"brightness_6","m_Unicode":"e3ab"},{"m_Name":"brightness_7","m_Unicode":"e3ac"},{"m_Name":"brightness_auto","m_Unicode":"e1ab"},{"m_Name":"brightness_high","m_Unicode":"e1ac"},{"m_Name":"brightness_low","m_Unicode":"e1ad"},{"m_Name":"brightness_medium","m_Unicode":"e1ae"},{"m_Name":"broken_image","m_Unicode":"e3ad"},{"m_Name":"brush","m_Unicode":"e3ae"},{"m_Name":"bubble_chart","m_Unicode":"e6dd"},{"m_Name":"bug_report","m_Unicode":"e868"},{"m_Name":"build","m_Unicode":"e869"},{"m_Name":"burst_mode","m_Unicode":"e43c"},{"m_Name":"business","m_Unicode":"e0af"},{"m_Name":"business_center","m_Unicode":"eb3f"},{"m_Name":"cached","m_Unicode":"e86a"},{"m_Name":"cake","m_Unicode":"e7e9"},{"m_Name":"call","m_Unicode":"e0b0"},{"m_Name":"call_end","m_Unicode":"e0b1"},{"m_Name":"call_made","m_Unicode":"e0b2"},{"m_Name":"call_merge","m_Unicode":"e0b3"},{"m_Name":"call_missed","m_Unicode":"e0b4"},{"m_Name":"call_missed_outgoing","m_Unicode":"e0e4"},{"m_Name":"call_received","m_Unicode":"e0b5"},{"m_Name":"call_split","m_Unicode":"e0b6"},{"m_Name":"call_to_action","m_Unicode":"e06c"},{"m_Name":"camera","m_Unicode":"e3af"},{"m_Name":"camera_alt","m_Unicode":"e3b0"},{"m_Name":"camera_enhance","m_Unicode":"e8fc"},{"m_Name":"camera_front","m_Unicode":"e3b1"},{"m_Name":"camera_rear","m_Unicode":"e3b2"},{"m_Name":"camera_roll","m_Unicode":"e3b3"},{"m_Name":"cancel","m_Unicode":"e5c9"},{"m_Name":"card_giftcard","m_Unicode":"e8f6"},{"m_Name":"card_membership","m_Unicode":"e8f7"},{"m_Name":"card_travel","m_Unicode":"e8f8"},{"m_Name":"casino","m_Unicode":"eb40"},{"m_Name":"cast","m_Unicode":"e307"},{"m_Name":"cast_connected","m_Unicode":"e308"},{"m_Name":"center_focus_strong","m_Unicode":"e3b4"},{"m_Name":"center_focus_weak","m_Unicode":"e3b5"},{"m_Name":"change_history","m_Unicode":"e86b"},{"m_Name":"chat","m_Unicode":"e0b7"},{"m_Name":"chat_bubble","m_Unicode":"e0ca"},{"m_Name":"chat_bubble_outline","m_Unicode":"e0cb"},{"m_Name":"check","m_Unicode":"e5ca"},{"m_Name":"check_box","m_Unicode":"e834"},{"m_Name":"check_box_outline_blank","m_Unicode":"e835"},{"m_Name":"check_circle","m_Unicode":"e86c"},{"m_Name":"chevron_left","m_Unicode":"e5cb"},{"m_Name":"chevron_right","m_Unicode":"e5cc"},{"m_Name":"child_care","m_Unicode":"eb41"},{"m_Name":"child_friendly","m_Unicode":"eb42"},{"m_Name":"chrome_reader_mode","m_Unicode":"e86d"},{"m_Name":"class","m_Unicode":"e86e"},{"m_Name":"clear","m_Unicode":"e14c"},{"m_Name":"clear_all","m_Unicode":"e0b8"},{"m_Name":"close","m_Unicode":"e5cd"},{"m_Name":"closed_caption","m_Unicode":"e01c"},{"m_Name":"cloud","m_Unicode":"e2bd"},{"m_Name":"cloud_circle","m_Unicode":"e2be"},{"m_Name":"cloud_done","m_Unicode":"e2bf"},{"m_Name":"cloud_download","m_Unicode":"e2c0"},{"m_Name":"cloud_off","m_Unicode":"e2c1"},{"m_Name":"cloud_queue","m_Unicode":"e2c2"},{"m_Name":"cloud_upload","m_Unicode":"e2c3"},{"m_Name":"code","m_Unicode":"e86f"},{"m_Name":"collections","m_Unicode":"e3b6"},{"m_Name":"collections_bookmark","m_Unicode":"e431"},{"m_Name":"color_lens","m_Unicode":"e3b7"},{"m_Name":"colorize","m_Unicode":"e3b8"},{"m_Name":"comment","m_Unicode":"e0b9"},{"m_Name":"compare","m_Unicode":"e3b9"},{"m_Name":"compare_arrows","m_Unicode":"e915"},{"m_Name":"computer","m_Unicode":"e30a"},{"m_Name":"confirmation_number","m_Unicode":"e638"},{"m_Name":"contact_mail","m_Unicode":"e0d0"},{"m_Name":"contact_phone","m_Unicode":"e0cf"},{"m_Name":"contacts","m_Unicode":"e0ba"},{"m_Name":"content_copy","m_Unicode":"e14d"},{"m_Name":"content_cut","m_Unicode":"e14e"},{"m_Name":"content_paste","m_Unicode":"e14f"},{"m_Name":"control_point","m_Unicode":"e3ba"},{"m_Name":"control_point_duplicate","m_Unicode":"e3bb"},{"m_Name":"copyright","m_Unicode":"e90c"},{"m_Name":"create","m_Unicode":"e150"},{"m_Name":"create_new_folder","m_Unicode":"e2cc"},{"m_Name":"credit_card","m_Unicode":"e870"},{"m_Name":"crop","m_Unicode":"e3be"},{"m_Name":"crop_16_9","m_Unicode":"e3bc"},{"m_Name":"crop_3_2","m_Unicode":"e3bd"},{"m_Name":"crop_5_4","m_Unicode":"e3bf"},{"m_Name":"crop_7_5","m_Unicode":"e3c0"},{"m_Name":"crop_din","m_Unicode":"e3c1"},{"m_Name":"crop_free","m_Unicode":"e3c2"},{"m_Name":"crop_landscape","m_Unicode":"e3c3"},{"m_Name":"crop_original","m_Unicode":"e3c4"},{"m_Name":"crop_portrait","m_Unicode":"e3c5"},{"m_Name":"crop_rotate","m_Unicode":"e437"},{"m_Name":"crop_square","m_Unicode":"e3c6"},{"m_Name":"dashboard","m_Unicode":"e871"},{"m_Name":"data_usage","m_Unicode":"e1af"},{"m_Name":"date_range","m_Unicode":"e916"},{"m_Name":"dehaze","m_Unicode":"e3c7"},{"m_Name":"delete","m_Unicode":"e872"},{"m_Name":"delete_forever","m_Unicode":"e92b"},{"m_Name":"delete_sweep","m_Unicode":"e16c"},{"m_Name":"description","m_Unicode":"e873"},{"m_Name":"desktop_mac","m_Unicode":"e30b"},{"m_Name":"desktop_windows","m_Unicode":"e30c"},{"m_Name":"details","m_Unicode":"e3c8"},{"m_Name":"developer_board","m_Unicode":"e30d"},{"m_Name":"developer_mode","m_Unicode":"e1b0"},{"m_Name":"device_hub","m_Unicode":"e335"},{"m_Name":"devices","m_Unicode":"e1b1"},{"m_Name":"devices_other","m_Unicode":"e337"},{"m_Name":"dialer_sip","m_Unicode":"e0bb"},{"m_Name":"dialpad","m_Unicode":"e0bc"},{"m_Name":"directions","m_Unicode":"e52e"},{"m_Name":"directions_bike","m_Unicode":"e52f"},{"m_Name":"directions_boat","m_Unicode":"e532"},{"m_Name":"directions_bus","m_Unicode":"e530"},{"m_Name":"directions_car","m_Unicode":"e531"},{"m_Name":"directions_railway","m_Unicode":"e534"},{"m_Name":"directions_run","m_Unicode":"e566"},{"m_Name":"directions_subway","m_Unicode":"e533"},{"m_Name":"directions_transit","m_Unicode":"e535"},{"m_Name":"directions_walk","m_Unicode":"e536"},{"m_Name":"disc_full","m_Unicode":"e610"},{"m_Name":"dns","m_Unicode":"e875"},{"m_Name":"do_not_disturb","m_Unicode":"e612"},{"m_Name":"do_not_disturb_alt","m_Unicode":"e611"},{"m_Name":"do_not_disturb_off","m_Unicode":"e643"},{"m_Name":"do_not_disturb_on","m_Unicode":"e644"},{"m_Name":"dock","m_Unicode":"e30e"},{"m_Name":"domain","m_Unicode":"e7ee"},{"m_Name":"done","m_Unicode":"e876"},{"m_Name":"done_all","m_Unicode":"e877"},{"m_Name":"donut_large","m_Unicode":"e917"},{"m_Name":"donut_small","m_Unicode":"e918"},{"m_Name":"drafts","m_Unicode":"e151"},{"m_Name":"drag_handle","m_Unicode":"e25d"},{"m_Name":"drive_eta","m_Unicode":"e613"},{"m_Name":"dvr","m_Unicode":"e1b2"},{"m_Name":"edit","m_Unicode":"e3c9"},{"m_Name":"edit_location","m_Unicode":"e568"},{"m_Name":"eject","m_Unicode":"e8fb"},{"m_Name":"email","m_Unicode":"e0be"},{"m_Name":"enhanced_encryption","m_Unicode":"e63f"},{"m_Name":"equalizer","m_Unicode":"e01d"},{"m_Name":"error","m_Unicode":"e000"},{"m_Name":"error_outline","m_Unicode":"e001"},{"m_Name":"euro_symbol","m_Unicode":"e926"},{"m_Name":"ev_station","m_Unicode":"e56d"},{"m_Name":"event","m_Unicode":"e878"},{"m_Name":"event_available","m_Unicode":"e614"},{"m_Name":"event_busy","m_Unicode":"e615"},{"m_Name":"event_note","m_Unicode":"e616"},{"m_Name":"event_seat","m_Unicode":"e903"},{"m_Name":"exit_to_app","m_Unicode":"e879"},{"m_Name":"expand_less","m_Unicode":"e5ce"},{"m_Name":"expand_more","m_Unicode":"e5cf"},{"m_Name":"explicit","m_Unicode":"e01e"},{"m_Name":"explore","m_Unicode":"e87a"},{"m_Name":"exposure","m_Unicode":"e3ca"},{"m_Name":"exposure_neg_1","m_Unicode":"e3cb"},{"m_Name":"exposure_neg_2","m_Unicode":"e3cc"},{"m_Name":"exposure_plus_1","m_Unicode":"e3cd"},{"m_Name":"exposure_plus_2","m_Unicode":"e3ce"},{"m_Name":"exposure_zero","m_Unicode":"e3cf"},{"m_Name":"extension","m_Unicode":"e87b"},{"m_Name":"face","m_Unicode":"e87c"},{"m_Name":"fast_forward","m_Unicode":"e01f"},{"m_Name":"fast_rewind","m_Unicode":"e020"},{"m_Name":"favorite","m_Unicode":"e87d"},{"m_Name":"favorite_border","m_Unicode":"e87e"},{"m_Name":"featured_play_list","m_Unicode":"e06d"},{"m_Name":"featured_video","m_Unicode":"e06e"},{"m_Name":"feedback","m_Unicode":"e87f"},{"m_Name":"fiber_dvr","m_Unicode":"e05d"},{"m_Name":"fiber_manual_record","m_Unicode":"e061"},{"m_Name":"fiber_new","m_Unicode":"e05e"},{"m_Name":"fiber_pin","m_Unicode":"e06a"},{"m_Name":"fiber_smart_record","m_Unicode":"e062"},{"m_Name":"file_download","m_Unicode":"e2c4"},{"m_Name":"file_upload","m_Unicode":"e2c6"},{"m_Name":"filter","m_Unicode":"e3d3"},{"m_Name":"filter_1","m_Unicode":"e3d0"},{"m_Name":"filter_2","m_Unicode":"e3d1"},{"m_Name":"filter_3","m_Unicode":"e3d2"},{"m_Name":"filter_4","m_Unicode":"e3d4"},{"m_Name":"filter_5","m_Unicode":"e3d5"},{"m_Name":"filter_6","m_Unicode":"e3d6"},{"m_Name":"filter_7","m_Unicode":"e3d7"},{"m_Name":"filter_8","m_Unicode":"e3d8"},{"m_Name":"filter_9","m_Unicode":"e3d9"},{"m_Name":"filter_9_plus","m_Unicode":"e3da"},{"m_Name":"filter_b_and_w","m_Unicode":"e3db"},{"m_Name":"filter_center_focus","m_Unicode":"e3dc"},{"m_Name":"filter_drama","m_Unicode":"e3dd"},{"m_Name":"filter_frames","m_Unicode":"e3de"},{"m_Name":"filter_hdr","m_Unicode":"e3df"},{"m_Name":"filter_list","m_Unicode":"e152"},{"m_Name":"filter_none","m_Unicode":"e3e0"},{"m_Name":"filter_tilt_shift","m_Unicode":"e3e2"},{"m_Name":"filter_vintage","m_Unicode":"e3e3"},{"m_Name":"find_in_page","m_Unicode":"e880"},{"m_Name":"find_replace","m_Unicode":"e881"},{"m_Name":"fingerprint","m_Unicode":"e90d"},{"m_Name":"first_page","m_Unicode":"e5dc"},{"m_Name":"fitness_center","m_Unicode":"eb43"},{"m_Name":"flag","m_Unicode":"e153"},{"m_Name":"flare","m_Unicode":"e3e4"},{"m_Name":"flash_auto","m_Unicode":"e3e5"},{"m_Name":"flash_off","m_Unicode":"e3e6"},{"m_Name":"flash_on","m_Unicode":"e3e7"},{"m_Name":"flight","m_Unicode":"e539"},{"m_Name":"flight_land","m_Unicode":"e904"},{"m_Name":"flight_takeoff","m_Unicode":"e905"},{"m_Name":"flip","m_Unicode":"e3e8"},{"m_Name":"flip_to_back","m_Unicode":"e882"},{"m_Name":"flip_to_front","m_Unicode":"e883"},{"m_Name":"folder","m_Unicode":"e2c7"},{"m_Name":"folder_open","m_Unicode":"e2c8"},{"m_Name":"folder_shared","m_Unicode":"e2c9"},{"m_Name":"folder_special","m_Unicode":"e617"},{"m_Name":"font_download","m_Unicode":"e167"},{"m_Name":"format_align_center","m_Unicode":"e234"},{"m_Name":"format_align_justify","m_Unicode":"e235"},{"m_Name":"format_align_left","m_Unicode":"e236"},{"m_Name":"format_align_right","m_Unicode":"e237"},{"m_Name":"format_bold","m_Unicode":"e238"},{"m_Name":"format_clear","m_Unicode":"e239"},{"m_Name":"format_color_fill","m_Unicode":"e23a"},{"m_Name":"format_color_reset","m_Unicode":"e23b"},{"m_Name":"format_color_text","m_Unicode":"e23c"},{"m_Name":"format_indent_decrease","m_Unicode":"e23d"},{"m_Name":"format_indent_increase","m_Unicode":"e23e"},{"m_Name":"format_italic","m_Unicode":"e23f"},{"m_Name":"format_line_spacing","m_Unicode":"e240"},{"m_Name":"format_list_bulleted","m_Unicode":"e241"},{"m_Name":"format_list_numbered","m_Unicode":"e242"},{"m_Name":"format_paint","m_Unicode":"e243"},{"m_Name":"format_quote","m_Unicode":"e244"},{"m_Name":"format_shapes","m_Unicode":"e25e"},{"m_Name":"format_size","m_Unicode":"e245"},{"m_Name":"format_strikethrough","m_Unicode":"e246"},{"m_Name":"format_textdirection_l_to_r","m_Unicode":"e247"},{"m_Name":"format_textdirection_r_to_l","m_Unicode":"e248"},{"m_Name":"format_underlined","m_Unicode":"e249"},{"m_Name":"forum","m_Unicode":"e0bf"},{"m_Name":"forward","m_Unicode":"e154"},{"m_Name":"forward_10","m_Unicode":"e056"},{"m_Name":"forward_30","m_Unicode":"e057"},{"m_Name":"forward_5","m_Unicode":"e058"},{"m_Name":"free_breakfast","m_Unicode":"eb44"},{"m_Name":"fullscreen","m_Unicode":"e5d0"},{"m_Name":"fullscreen_exit","m_Unicode":"e5d1"},{"m_Name":"functions","m_Unicode":"e24a"},{"m_Name":"g_translate","m_Unicode":"e927"},{"m_Name":"gamepad","m_Unicode":"e30f"},{"m_Name":"games","m_Unicode":"e021"},{"m_Name":"gavel","m_Unicode":"e90e"},{"m_Name":"gesture","m_Unicode":"e155"},{"m_Name":"get_app","m_Unicode":"e884"},{"m_Name":"gif","m_Unicode":"e908"},{"m_Name":"golf_course","m_Unicode":"eb45"},{"m_Name":"gps_fixed","m_Unicode":"e1b3"},{"m_Name":"gps_not_fixed","m_Unicode":"e1b4"},{"m_Name":"gps_off","m_Unicode":"e1b5"},{"m_Name":"grade","m_Unicode":"e885"},{"m_Name":"gradient","m_Unicode":"e3e9"},{"m_Name":"grain","m_Unicode":"e3ea"},{"m_Name":"graphic_eq","m_Unicode":"e1b8"},{"m_Name":"grid_off","m_Unicode":"e3eb"},{"m_Name":"grid_on","m_Unicode":"e3ec"},{"m_Name":"group","m_Unicode":"e7ef"},{"m_Name":"group_add","m_Unicode":"e7f0"},{"m_Name":"group_work","m_Unicode":"e886"},{"m_Name":"hd","m_Unicode":"e052"},{"m_Name":"hdr_off","m_Unicode":"e3ed"},{"m_Name":"hdr_on","m_Unicode":"e3ee"},{"m_Name":"hdr_strong","m_Unicode":"e3f1"},{"m_Name":"hdr_weak","m_Unicode":"e3f2"},{"m_Name":"headset","m_Unicode":"e310"},{"m_Name":"headset_mic","m_Unicode":"e311"},{"m_Name":"healing","m_Unicode":"e3f3"},{"m_Name":"hearing","m_Unicode":"e023"},{"m_Name":"help","m_Unicode":"e887"},{"m_Name":"help_outline","m_Unicode":"e8fd"},{"m_Name":"high_quality","m_Unicode":"e024"},{"m_Name":"highlight","m_Unicode":"e25f"},{"m_Name":"highlight_off","m_Unicode":"e888"},{"m_Name":"history","m_Unicode":"e889"},{"m_Name":"home","m_Unicode":"e88a"},{"m_Name":"hot_tub","m_Unicode":"eb46"},{"m_Name":"hotel","m_Unicode":"e53a"},{"m_Name":"hourglass_empty","m_Unicode":"e88b"},{"m_Name":"hourglass_full","m_Unicode":"e88c"},{"m_Name":"http","m_Unicode":"e902"},{"m_Name":"https","m_Unicode":"e88d"},{"m_Name":"image","m_Unicode":"e3f4"},{"m_Name":"image_aspect_ratio","m_Unicode":"e3f5"},{"m_Name":"import_contacts","m_Unicode":"e0e0"},{"m_Name":"import_export","m_Unicode":"e0c3"},{"m_Name":"important_devices","m_Unicode":"e912"},{"m_Name":"inbox","m_Unicode":"e156"},{"m_Name":"indeterminate_check_box","m_Unicode":"e909"},{"m_Name":"info","m_Unicode":"e88e"},{"m_Name":"info_outline","m_Unicode":"e88f"},{"m_Name":"input","m_Unicode":"e890"},{"m_Name":"insert_chart","m_Unicode":"e24b"},{"m_Name":"insert_comment","m_Unicode":"e24c"},{"m_Name":"insert_drive_file","m_Unicode":"e24d"},{"m_Name":"insert_emoticon","m_Unicode":"e24e"},{"m_Name":"insert_invitation","m_Unicode":"e24f"},{"m_Name":"insert_link","m_Unicode":"e250"},{"m_Name":"insert_photo","m_Unicode":"e251"},{"m_Name":"invert_colors","m_Unicode":"e891"},{"m_Name":"invert_colors_off","m_Unicode":"e0c4"},{"m_Name":"iso","m_Unicode":"e3f6"},{"m_Name":"keyboard","m_Unicode":"e312"},{"m_Name":"keyboard_arrow_down","m_Unicode":"e313"},{"m_Name":"keyboard_arrow_left","m_Unicode":"e314"},{"m_Name":"keyboard_arrow_right","m_Unicode":"e315"},{"m_Name":"keyboard_arrow_up","m_Unicode":"e316"},{"m_Name":"keyboard_backspace","m_Unicode":"e317"},{"m_Name":"keyboard_capslock","m_Unicode":"e318"},{"m_Name":"keyboard_hide","m_Unicode":"e31a"},{"m_Name":"keyboard_return","m_Unicode":"e31b"},{"m_Name":"keyboard_tab","m_Unicode":"e31c"},{"m_Name":"keyboard_voice","m_Unicode":"e31d"},{"m_Name":"kitchen","m_Unicode":"eb47"},{"m_Name":"label","m_Unicode":"e892"},{"m_Name":"label_outline","m_Unicode":"e893"},{"m_Name":"landscape","m_Unicode":"e3f7"},{"m_Name":"language","m_Unicode":"e894"},{"m_Name":"laptop","m_Unicode":"e31e"},{"m_Name":"laptop_chromebook","m_Unicode":"e31f"},{"m_Name":"laptop_mac","m_Unicode":"e320"},{"m_Name":"laptop_windows","m_Unicode":"e321"},{"m_Name":"last_page","m_Unicode":"e5dd"},{"m_Name":"launch","m_Unicode":"e895"},{"m_Name":"layers","m_Unicode":"e53b"},{"m_Name":"layers_clear","m_Unicode":"e53c"},{"m_Name":"leak_add","m_Unicode":"e3f8"},{"m_Name":"leak_remove","m_Unicode":"e3f9"},{"m_Name":"lens","m_Unicode":"e3fa"},{"m_Name":"library_add","m_Unicode":"e02e"},{"m_Name":"library_books","m_Unicode":"e02f"},{"m_Name":"library_music","m_Unicode":"e030"},{"m_Name":"lightbulb_outline","m_Unicode":"e90f"},{"m_Name":"line_style","m_Unicode":"e919"},{"m_Name":"line_weight","m_Unicode":"e91a"},{"m_Name":"linear_scale","m_Unicode":"e260"},{"m_Name":"link","m_Unicode":"e157"},{"m_Name":"linked_camera","m_Unicode":"e438"},{"m_Name":"list","m_Unicode":"e896"},{"m_Name":"live_help","m_Unicode":"e0c6"},{"m_Name":"live_tv","m_Unicode":"e639"},{"m_Name":"local_activity","m_Unicode":"e53f"},{"m_Name":"local_airport","m_Unicode":"e53d"},{"m_Name":"local_atm","m_Unicode":"e53e"},{"m_Name":"local_bar","m_Unicode":"e540"},{"m_Name":"local_cafe","m_Unicode":"e541"},{"m_Name":"local_car_wash","m_Unicode":"e542"},{"m_Name":"local_convenience_store","m_Unicode":"e543"},{"m_Name":"local_dining","m_Unicode":"e556"},{"m_Name":"local_drink","m_Unicode":"e544"},{"m_Name":"local_florist","m_Unicode":"e545"},{"m_Name":"local_gas_station","m_Unicode":"e546"},{"m_Name":"local_grocery_store","m_Unicode":"e547"},{"m_Name":"local_hospital","m_Unicode":"e548"},{"m_Name":"local_hotel","m_Unicode":"e549"},{"m_Name":"local_laundry_service","m_Unicode":"e54a"},{"m_Name":"local_library","m_Unicode":"e54b"},{"m_Name":"local_mall","m_Unicode":"e54c"},{"m_Name":"local_movies","m_Unicode":"e54d"},{"m_Name":"local_offer","m_Unicode":"e54e"},{"m_Name":"local_parking","m_Unicode":"e54f"},{"m_Name":"local_pharmacy","m_Unicode":"e550"},{"m_Name":"local_phone","m_Unicode":"e551"},{"m_Name":"local_pizza","m_Unicode":"e552"},{"m_Name":"local_play","m_Unicode":"e553"},{"m_Name":"local_post_office","m_Unicode":"e554"},{"m_Name":"local_printshop","m_Unicode":"e555"},{"m_Name":"local_see","m_Unicode":"e557"},{"m_Name":"local_shipping","m_Unicode":"e558"},{"m_Name":"local_taxi","m_Unicode":"e559"},{"m_Name":"location_city","m_Unicode":"e7f1"},{"m_Name":"location_disabled","m_Unicode":"e1b6"},{"m_Name":"location_off","m_Unicode":"e0c7"},{"m_Name":"location_on","m_Unicode":"e0c8"},{"m_Name":"location_searching","m_Unicode":"e1b7"},{"m_Name":"lock","m_Unicode":"e897"},{"m_Name":"lock_open","m_Unicode":"e898"},{"m_Name":"lock_outline","m_Unicode":"e899"},{"m_Name":"looks","m_Unicode":"e3fc"},{"m_Name":"looks_3","m_Unicode":"e3fb"},{"m_Name":"looks_4","m_Unicode":"e3fd"},{"m_Name":"looks_5","m_Unicode":"e3fe"},{"m_Name":"looks_6","m_Unicode":"e3ff"},{"m_Name":"looks_one","m_Unicode":"e400"},{"m_Name":"looks_two","m_Unicode":"e401"},{"m_Name":"loop","m_Unicode":"e028"},{"m_Name":"loupe","m_Unicode":"e402"},{"m_Name":"low_priority","m_Unicode":"e16d"},{"m_Name":"loyalty","m_Unicode":"e89a"},{"m_Name":"mail","m_Unicode":"e158"},{"m_Name":"mail_outline","m_Unicode":"e0e1"},{"m_Name":"map","m_Unicode":"e55b"},{"m_Name":"markunread","m_Unicode":"e159"},{"m_Name":"markunread_mailbox","m_Unicode":"e89b"},{"m_Name":"memory","m_Unicode":"e322"},{"m_Name":"menu","m_Unicode":"e5d2"},{"m_Name":"merge_type","m_Unicode":"e252"},{"m_Name":"message","m_Unicode":"e0c9"},{"m_Name":"mic","m_Unicode":"e029"},{"m_Name":"mic_none","m_Unicode":"e02a"},{"m_Name":"mic_off","m_Unicode":"e02b"},{"m_Name":"mms","m_Unicode":"e618"},{"m_Name":"mode_comment","m_Unicode":"e253"},{"m_Name":"mode_edit","m_Unicode":"e254"},{"m_Name":"monetization_on","m_Unicode":"e263"},{"m_Name":"money_off","m_Unicode":"e25c"},{"m_Name":"monochrome_photos","m_Unicode":"e403"},{"m_Name":"mood","m_Unicode":"e7f2"},{"m_Name":"mood_bad","m_Unicode":"e7f3"},{"m_Name":"more","m_Unicode":"e619"},{"m_Name":"more_horiz","m_Unicode":"e5d3"},{"m_Name":"more_vert","m_Unicode":"e5d4"},{"m_Name":"motorcycle","m_Unicode":"e91b"},{"m_Name":"mouse","m_Unicode":"e323"},{"m_Name":"move_to_inbox","m_Unicode":"e168"},{"m_Name":"movie","m_Unicode":"e02c"},{"m_Name":"movie_creation","m_Unicode":"e404"},{"m_Name":"movie_filter","m_Unicode":"e43a"},{"m_Name":"multiline_chart","m_Unicode":"e6df"},{"m_Name":"music_note","m_Unicode":"e405"},{"m_Name":"music_video","m_Unicode":"e063"},{"m_Name":"my_location","m_Unicode":"e55c"},{"m_Name":"nature","m_Unicode":"e406"},{"m_Name":"nature_people","m_Unicode":"e407"},{"m_Name":"navigate_before","m_Unicode":"e408"},{"m_Name":"navigate_next","m_Unicode":"e409"},{"m_Name":"navigation","m_Unicode":"e55d"},{"m_Name":"near_me","m_Unicode":"e569"},{"m_Name":"network_cell","m_Unicode":"e1b9"},{"m_Name":"network_check","m_Unicode":"e640"},{"m_Name":"network_locked","m_Unicode":"e61a"},{"m_Name":"network_wifi","m_Unicode":"e1ba"},{"m_Name":"new_releases","m_Unicode":"e031"},{"m_Name":"next_week","m_Unicode":"e16a"},{"m_Name":"nfc","m_Unicode":"e1bb"},{"m_Name":"no_encryption","m_Unicode":"e641"},{"m_Name":"no_sim","m_Unicode":"e0cc"},{"m_Name":"not_interested","m_Unicode":"e033"},{"m_Name":"note","m_Unicode":"e06f"},{"m_Name":"note_add","m_Unicode":"e89c"},{"m_Name":"notifications","m_Unicode":"e7f4"},{"m_Name":"notifications_active","m_Unicode":"e7f7"},{"m_Name":"notifications_none","m_Unicode":"e7f5"},{"m_Name":"notifications_off","m_Unicode":"e7f6"},{"m_Name":"notifications_paused","m_Unicode":"e7f8"},{"m_Name":"offline_pin","m_Unicode":"e90a"},{"m_Name":"ondemand_video","m_Unicode":"e63a"},{"m_Name":"opacity","m_Unicode":"e91c"},{"m_Name":"open_in_browser","m_Unicode":"e89d"},{"m_Name":"open_in_new","m_Unicode":"e89e"},{"m_Name":"open_with","m_Unicode":"e89f"},{"m_Name":"pages","m_Unicode":"e7f9"},{"m_Name":"pageview","m_Unicode":"e8a0"},{"m_Name":"palette","m_Unicode":"e40a"},{"m_Name":"pan_tool","m_Unicode":"e925"},{"m_Name":"panorama","m_Unicode":"e40b"},{"m_Name":"panorama_fish_eye","m_Unicode":"e40c"},{"m_Name":"panorama_horizontal","m_Unicode":"e40d"},{"m_Name":"panorama_vertical","m_Unicode":"e40e"},{"m_Name":"panorama_wide_angle","m_Unicode":"e40f"},{"m_Name":"party_mode","m_Unicode":"e7fa"},{"m_Name":"pause","m_Unicode":"e034"},{"m_Name":"pause_circle_filled","m_Unicode":"e035"},{"m_Name":"pause_circle_outline","m_Unicode":"e036"},{"m_Name":"payment","m_Unicode":"e8a1"},{"m_Name":"people","m_Unicode":"e7fb"},{"m_Name":"people_outline","m_Unicode":"e7fc"},{"m_Name":"perm_camera_mic","m_Unicode":"e8a2"},{"m_Name":"perm_contact_calendar","m_Unicode":"e8a3"},{"m_Name":"perm_data_setting","m_Unicode":"e8a4"},{"m_Name":"perm_device_information","m_Unicode":"e8a5"},{"m_Name":"perm_identity","m_Unicode":"e8a6"},{"m_Name":"perm_media","m_Unicode":"e8a7"},{"m_Name":"perm_phone_msg","m_Unicode":"e8a8"},{"m_Name":"perm_scan_wifi","m_Unicode":"e8a9"},{"m_Name":"person","m_Unicode":"e7fd"},{"m_Name":"person_add","m_Unicode":"e7fe"},{"m_Name":"person_outline","m_Unicode":"e7ff"},{"m_Name":"person_pin","m_Unicode":"e55a"},{"m_Name":"person_pin_circle","m_Unicode":"e56a"},{"m_Name":"personal_video","m_Unicode":"e63b"},{"m_Name":"pets","m_Unicode":"e91d"},{"m_Name":"phone","m_Unicode":"e0cd"},{"m_Name":"phone_android","m_Unicode":"e324"},{"m_Name":"phone_bluetooth_speaker","m_Unicode":"e61b"},{"m_Name":"phone_forwarded","m_Unicode":"e61c"},{"m_Name":"phone_in_talk","m_Unicode":"e61d"},{"m_Name":"phone_iphone","m_Unicode":"e325"},{"m_Name":"phone_locked","m_Unicode":"e61e"},{"m_Name":"phone_missed","m_Unicode":"e61f"},{"m_Name":"phone_paused","m_Unicode":"e620"},{"m_Name":"phonelink","m_Unicode":"e326"},{"m_Name":"phonelink_erase","m_Unicode":"e0db"},{"m_Name":"phonelink_lock","m_Unicode":"e0dc"},{"m_Name":"phonelink_off","m_Unicode":"e327"},{"m_Name":"phonelink_ring","m_Unicode":"e0dd"},{"m_Name":"phonelink_setup","m_Unicode":"e0de"},{"m_Name":"photo","m_Unicode":"e410"},{"m_Name":"photo_album","m_Unicode":"e411"},{"m_Name":"photo_camera","m_Unicode":"e412"},{"m_Name":"photo_filter","m_Unicode":"e43b"},{"m_Name":"photo_library","m_Unicode":"e413"},{"m_Name":"photo_size_select_actual","m_Unicode":"e432"},{"m_Name":"photo_size_select_large","m_Unicode":"e433"},{"m_Name":"photo_size_select_small","m_Unicode":"e434"},{"m_Name":"picture_as_pdf","m_Unicode":"e415"},{"m_Name":"picture_in_picture","m_Unicode":"e8aa"},{"m_Name":"picture_in_picture_alt","m_Unicode":"e911"},{"m_Name":"pie_chart","m_Unicode":"e6c4"},{"m_Name":"pie_chart_outlined","m_Unicode":"e6c5"},{"m_Name":"pin_drop","m_Unicode":"e55e"},{"m_Name":"place","m_Unicode":"e55f"},{"m_Name":"play_arrow","m_Unicode":"e037"},{"m_Name":"play_circle_filled","m_Unicode":"e038"},{"m_Name":"play_circle_outline","m_Unicode":"e039"},{"m_Name":"play_for_work","m_Unicode":"e906"},{"m_Name":"playlist_add","m_Unicode":"e03b"},{"m_Name":"playlist_add_check","m_Unicode":"e065"},{"m_Name":"playlist_play","m_Unicode":"e05f"},{"m_Name":"plus_one","m_Unicode":"e800"},{"m_Name":"poll","m_Unicode":"e801"},{"m_Name":"polymer","m_Unicode":"e8ab"},{"m_Name":"pool","m_Unicode":"eb48"},{"m_Name":"portable_wifi_off","m_Unicode":"e0ce"},{"m_Name":"portrait","m_Unicode":"e416"},{"m_Name":"power","m_Unicode":"e63c"},{"m_Name":"power_input","m_Unicode":"e336"},{"m_Name":"power_settings_new","m_Unicode":"e8ac"},{"m_Name":"pregnant_woman","m_Unicode":"e91e"},{"m_Name":"present_to_all","m_Unicode":"e0df"},{"m_Name":"print","m_Unicode":"e8ad"},{"m_Name":"priority_high","m_Unicode":"e645"},{"m_Name":"public","m_Unicode":"e80b"},{"m_Name":"publish","m_Unicode":"e255"},{"m_Name":"query_builder","m_Unicode":"e8ae"},{"m_Name":"question_answer","m_Unicode":"e8af"},{"m_Name":"queue","m_Unicode":"e03c"},{"m_Name":"queue_music","m_Unicode":"e03d"},{"m_Name":"queue_play_next","m_Unicode":"e066"},{"m_Name":"radio","m_Unicode":"e03e"},{"m_Name":"radio_button_checked","m_Unicode":"e837"},{"m_Name":"radio_button_unchecked","m_Unicode":"e836"},{"m_Name":"rate_review","m_Unicode":"e560"},{"m_Name":"receipt","m_Unicode":"e8b0"},{"m_Name":"recent_actors","m_Unicode":"e03f"},{"m_Name":"record_voice_over","m_Unicode":"e91f"},{"m_Name":"redeem","m_Unicode":"e8b1"},{"m_Name":"redo","m_Unicode":"e15a"},{"m_Name":"refresh","m_Unicode":"e5d5"},{"m_Name":"remove","m_Unicode":"e15b"},{"m_Name":"remove_circle","m_Unicode":"e15c"},{"m_Name":"remove_circle_outline","m_Unicode":"e15d"},{"m_Name":"remove_from_queue","m_Unicode":"e067"},{"m_Name":"remove_red_eye","m_Unicode":"e417"},{"m_Name":"remove_shopping_cart","m_Unicode":"e928"},{"m_Name":"reorder","m_Unicode":"e8fe"},{"m_Name":"repeat","m_Unicode":"e040"},{"m_Name":"repeat_one","m_Unicode":"e041"},{"m_Name":"replay","m_Unicode":"e042"},{"m_Name":"replay_10","m_Unicode":"e059"},{"m_Name":"replay_30","m_Unicode":"e05a"},{"m_Name":"replay_5","m_Unicode":"e05b"},{"m_Name":"reply","m_Unicode":"e15e"},{"m_Name":"reply_all","m_Unicode":"e15f"},{"m_Name":"report","m_Unicode":"e160"},{"m_Name":"report_problem","m_Unicode":"e8b2"},{"m_Name":"restaurant","m_Unicode":"e56c"},{"m_Name":"restaurant_menu","m_Unicode":"e561"},{"m_Name":"restore","m_Unicode":"e8b3"},{"m_Name":"restore_page","m_Unicode":"e929"},{"m_Name":"ring_volume","m_Unicode":"e0d1"},{"m_Name":"room","m_Unicode":"e8b4"},{"m_Name":"room_service","m_Unicode":"eb49"},{"m_Name":"rotate_90_degrees_ccw","m_Unicode":"e418"},{"m_Name":"rotate_left","m_Unicode":"e419"},{"m_Name":"rotate_right","m_Unicode":"e41a"},{"m_Name":"rounded_corner","m_Unicode":"e920"},{"m_Name":"router","m_Unicode":"e328"},{"m_Name":"rowing","m_Unicode":"e921"},{"m_Name":"rss_feed","m_Unicode":"e0e5"},{"m_Name":"rv_hookup","m_Unicode":"e642"},{"m_Name":"satellite","m_Unicode":"e562"},{"m_Name":"save","m_Unicode":"e161"},{"m_Name":"scanner","m_Unicode":"e329"},{"m_Name":"schedule","m_Unicode":"e8b5"},{"m_Name":"school","m_Unicode":"e80c"},{"m_Name":"screen_lock_landscape","m_Unicode":"e1be"},{"m_Name":"screen_lock_portrait","m_Unicode":"e1bf"},{"m_Name":"screen_lock_rotation","m_Unicode":"e1c0"},{"m_Name":"screen_rotation","m_Unicode":"e1c1"},{"m_Name":"screen_share","m_Unicode":"e0e2"},{"m_Name":"sd_card","m_Unicode":"e623"},{"m_Name":"sd_storage","m_Unicode":"e1c2"},{"m_Name":"search","m_Unicode":"e8b6"},{"m_Name":"security","m_Unicode":"e32a"},{"m_Name":"select_all","m_Unicode":"e162"},{"m_Name":"send","m_Unicode":"e163"},{"m_Name":"sentiment_dissatisfied","m_Unicode":"e811"},{"m_Name":"sentiment_neutral","m_Unicode":"e812"},{"m_Name":"sentiment_satisfied","m_Unicode":"e813"},{"m_Name":"sentiment_very_dissatisfied","m_Unicode":"e814"},{"m_Name":"sentiment_very_satisfied","m_Unicode":"e815"},{"m_Name":"settings","m_Unicode":"e8b8"},{"m_Name":"settings_applications","m_Unicode":"e8b9"},{"m_Name":"settings_backup_restore","m_Unicode":"e8ba"},{"m_Name":"settings_bluetooth","m_Unicode":"e8bb"},{"m_Name":"settings_brightness","m_Unicode":"e8bd"},{"m_Name":"settings_cell","m_Unicode":"e8bc"},{"m_Name":"settings_ethernet","m_Unicode":"e8be"},{"m_Name":"settings_input_antenna","m_Unicode":"e8bf"},{"m_Name":"settings_input_component","m_Unicode":"e8c0"},{"m_Name":"settings_input_composite","m_Unicode":"e8c1"},{"m_Name":"settings_input_hdmi","m_Unicode":"e8c2"},{"m_Name":"settings_input_svideo","m_Unicode":"e8c3"},{"m_Name":"settings_overscan","m_Unicode":"e8c4"},{"m_Name":"settings_phone","m_Unicode":"e8c5"},{"m_Name":"settings_power","m_Unicode":"e8c6"},{"m_Name":"settings_remote","m_Unicode":"e8c7"},{"m_Name":"settings_system_daydream","m_Unicode":"e1c3"},{"m_Name":"settings_voice","m_Unicode":"e8c8"},{"m_Name":"share","m_Unicode":"e80d"},{"m_Name":"shop","m_Unicode":"e8c9"},{"m_Name":"shop_two","m_Unicode":"e8ca"},{"m_Name":"shopping_basket","m_Unicode":"e8cb"},{"m_Name":"shopping_cart","m_Unicode":"e8cc"},{"m_Name":"short_text","m_Unicode":"e261"},{"m_Name":"show_chart","m_Unicode":"e6e1"},{"m_Name":"shuffle","m_Unicode":"e043"},{"m_Name":"signal_cellular_4_bar","m_Unicode":"e1c8"},{"m_Name":"signal_cellular_connected_no_internet_4_bar","m_Unicode":"e1cd"},{"m_Name":"signal_cellular_no_sim","m_Unicode":"e1ce"},{"m_Name":"signal_cellular_null","m_Unicode":"e1cf"},{"m_Name":"signal_cellular_off","m_Unicode":"e1d0"},{"m_Name":"signal_wifi_4_bar","m_Unicode":"e1d8"},{"m_Name":"signal_wifi_4_bar_lock","m_Unicode":"e1d9"},{"m_Name":"signal_wifi_off","m_Unicode":"e1da"},{"m_Name":"sim_card","m_Unicode":"e32b"},{"m_Name":"sim_card_alert","m_Unicode":"e624"},{"m_Name":"skip_next","m_Unicode":"e044"},{"m_Name":"skip_previous","m_Unicode":"e045"},{"m_Name":"slideshow","m_Unicode":"e41b"},{"m_Name":"slow_motion_video","m_Unicode":"e068"},{"m_Name":"smartphone","m_Unicode":"e32c"},{"m_Name":"smoke_free","m_Unicode":"eb4a"},{"m_Name":"smoking_rooms","m_Unicode":"eb4b"},{"m_Name":"sms","m_Unicode":"e625"},{"m_Name":"sms_failed","m_Unicode":"e626"},{"m_Name":"snooze","m_Unicode":"e046"},{"m_Name":"sort","m_Unicode":"e164"},{"m_Name":"sort_by_alpha","m_Unicode":"e053"},{"m_Name":"spa","m_Unicode":"eb4c"},{"m_Name":"space_bar","m_Unicode":"e256"},{"m_Name":"speaker","m_Unicode":"e32d"},{"m_Name":"speaker_group","m_Unicode":"e32e"},{"m_Name":"speaker_notes","m_Unicode":"e8cd"},{"m_Name":"speaker_notes_off","m_Unicode":"e92a"},{"m_Name":"speaker_phone","m_Unicode":"e0d2"},{"m_Name":"spellcheck","m_Unicode":"e8ce"},{"m_Name":"star","m_Unicode":"e838"},{"m_Name":"star_border","m_Unicode":"e83a"},{"m_Name":"star_half","m_Unicode":"e839"},{"m_Name":"stars","m_Unicode":"e8d0"},{"m_Name":"stay_current_landscape","m_Unicode":"e0d3"},{"m_Name":"stay_current_portrait","m_Unicode":"e0d4"},{"m_Name":"stay_primary_landscape","m_Unicode":"e0d5"},{"m_Name":"stay_primary_portrait","m_Unicode":"e0d6"},{"m_Name":"stop","m_Unicode":"e047"},{"m_Name":"stop_screen_share","m_Unicode":"e0e3"},{"m_Name":"storage","m_Unicode":"e1db"},{"m_Name":"store","m_Unicode":"e8d1"},{"m_Name":"store_mall_directory","m_Unicode":"e563"},{"m_Name":"straighten","m_Unicode":"e41c"},{"m_Name":"streetview","m_Unicode":"e56e"},{"m_Name":"strikethrough_s","m_Unicode":"e257"},{"m_Name":"style","m_Unicode":"e41d"},{"m_Name":"subdirectory_arrow_left","m_Unicode":"e5d9"},{"m_Name":"subdirectory_arrow_right","m_Unicode":"e5da"},{"m_Name":"subject","m_Unicode":"e8d2"},{"m_Name":"subscriptions","m_Unicode":"e064"},{"m_Name":"subtitles","m_Unicode":"e048"},{"m_Name":"subway","m_Unicode":"e56f"},{"m_Name":"supervisor_account","m_Unicode":"e8d3"},{"m_Name":"surround_sound","m_Unicode":"e049"},{"m_Name":"swap_calls","m_Unicode":"e0d7"},{"m_Name":"swap_horiz","m_Unicode":"e8d4"},{"m_Name":"swap_vert","m_Unicode":"e8d5"},{"m_Name":"swap_vertical_circle","m_Unicode":"e8d6"},{"m_Name":"switch_camera","m_Unicode":"e41e"},{"m_Name":"switch_video","m_Unicode":"e41f"},{"m_Name":"sync","m_Unicode":"e627"},{"m_Name":"sync_disabled","m_Unicode":"e628"},{"m_Name":"sync_problem","m_Unicode":"e629"},{"m_Name":"system_update","m_Unicode":"e62a"},{"m_Name":"system_update_alt","m_Unicode":"e8d7"},{"m_Name":"tab","m_Unicode":"e8d8"},{"m_Name":"tab_unselected","m_Unicode":"e8d9"},{"m_Name":"tablet","m_Unicode":"e32f"},{"m_Name":"tablet_android","m_Unicode":"e330"},{"m_Name":"tablet_mac","m_Unicode":"e331"},{"m_Name":"tag_faces","m_Unicode":"e420"},{"m_Name":"tap_and_play","m_Unicode":"e62b"},{"m_Name":"terrain","m_Unicode":"e564"},{"m_Name":"text_fields","m_Unicode":"e262"},{"m_Name":"text_format","m_Unicode":"e165"},{"m_Name":"textsms","m_Unicode":"e0d8"},{"m_Name":"texture","m_Unicode":"e421"},{"m_Name":"theaters","m_Unicode":"e8da"},{"m_Name":"thumb_down","m_Unicode":"e8db"},{"m_Name":"thumb_up","m_Unicode":"e8dc"},{"m_Name":"thumbs_up_down","m_Unicode":"e8dd"},{"m_Name":"time_to_leave","m_Unicode":"e62c"},{"m_Name":"timelapse","m_Unicode":"e422"},{"m_Name":"timeline","m_Unicode":"e922"},{"m_Name":"timer","m_Unicode":"e425"},{"m_Name":"timer_10","m_Unicode":"e423"},{"m_Name":"timer_3","m_Unicode":"e424"},{"m_Name":"timer_off","m_Unicode":"e426"},{"m_Name":"title","m_Unicode":"e264"},{"m_Name":"toc","m_Unicode":"e8de"},{"m_Name":"today","m_Unicode":"e8df"},{"m_Name":"toll","m_Unicode":"e8e0"},{"m_Name":"tonality","m_Unicode":"e427"},{"m_Name":"touch_app","m_Unicode":"e913"},{"m_Name":"toys","m_Unicode":"e332"},{"m_Name":"track_changes","m_Unicode":"e8e1"},{"m_Name":"traffic","m_Unicode":"e565"},{"m_Name":"train","m_Unicode":"e570"},{"m_Name":"tram","m_Unicode":"e571"},{"m_Name":"transfer_within_a_station","m_Unicode":"e572"},{"m_Name":"transform","m_Unicode":"e428"},{"m_Name":"translate","m_Unicode":"e8e2"},{"m_Name":"trending_down","m_Unicode":"e8e3"},{"m_Name":"trending_flat","m_Unicode":"e8e4"},{"m_Name":"trending_up","m_Unicode":"e8e5"},{"m_Name":"tune","m_Unicode":"e429"},{"m_Name":"turned_in","m_Unicode":"e8e6"},{"m_Name":"turned_in_not","m_Unicode":"e8e7"},{"m_Name":"tv","m_Unicode":"e333"},{"m_Name":"unarchive","m_Unicode":"e169"},{"m_Name":"undo","m_Unicode":"e166"},{"m_Name":"unfold_less","m_Unicode":"e5d6"},{"m_Name":"unfold_more","m_Unicode":"e5d7"},{"m_Name":"update","m_Unicode":"e923"},{"m_Name":"usb","m_Unicode":"e1e0"},{"m_Name":"verified_user","m_Unicode":"e8e8"},{"m_Name":"vertical_align_bottom","m_Unicode":"e258"},{"m_Name":"vertical_align_center","m_Unicode":"e259"},{"m_Name":"vertical_align_top","m_Unicode":"e25a"},{"m_Name":"vibration","m_Unicode":"e62d"},{"m_Name":"video_call","m_Unicode":"e070"},{"m_Name":"video_label","m_Unicode":"e071"},{"m_Name":"video_library","m_Unicode":"e04a"},{"m_Name":"videocam","m_Unicode":"e04b"},{"m_Name":"videocam_off","m_Unicode":"e04c"},{"m_Name":"videogame_asset","m_Unicode":"e338"},{"m_Name":"view_agenda","m_Unicode":"e8e9"},{"m_Name":"view_array","m_Unicode":"e8ea"},{"m_Name":"view_carousel","m_Unicode":"e8eb"},{"m_Name":"view_column","m_Unicode":"e8ec"},{"m_Name":"view_comfy","m_Unicode":"e42a"},{"m_Name":"view_compact","m_Unicode":"e42b"},{"m_Name":"view_day","m_Unicode":"e8ed"},{"m_Name":"view_headline","m_Unicode":"e8ee"},{"m_Name":"view_list","m_Unicode":"e8ef"},{"m_Name":"view_module","m_Unicode":"e8f0"},{"m_Name":"view_quilt","m_Unicode":"e8f1"},{"m_Name":"view_stream","m_Unicode":"e8f2"},{"m_Name":"view_week","m_Unicode":"e8f3"},{"m_Name":"vignette","m_Unicode":"e435"},{"m_Name":"visibility","m_Unicode":"e8f4"},{"m_Name":"visibility_off","m_Unicode":"e8f5"},{"m_Name":"voice_chat","m_Unicode":"e62e"},{"m_Name":"voicemail","m_Unicode":"e0d9"},{"m_Name":"volume_down","m_Unicode":"e04d"},{"m_Name":"volume_mute","m_Unicode":"e04e"},{"m_Name":"volume_off","m_Unicode":"e04f"},{"m_Name":"volume_up","m_Unicode":"e050"},{"m_Name":"vpn_key","m_Unicode":"e0da"},{"m_Name":"vpn_lock","m_Unicode":"e62f"},{"m_Name":"wallpaper","m_Unicode":"e1bc"},{"m_Name":"warning","m_Unicode":"e002"},{"m_Name":"watch","m_Unicode":"e334"},{"m_Name":"watch_later","m_Unicode":"e924"},{"m_Name":"wb_auto","m_Unicode":"e42c"},{"m_Name":"wb_cloudy","m_Unicode":"e42d"},{"m_Name":"wb_incandescent","m_Unicode":"e42e"},{"m_Name":"wb_iridescent","m_Unicode":"e436"},{"m_Name":"wb_sunny","m_Unicode":"e430"},{"m_Name":"wc","m_Unicode":"e63d"},{"m_Name":"web","m_Unicode":"e051"},{"m_Name":"web_asset","m_Unicode":"e069"},{"m_Name":"weekend","m_Unicode":"e16b"},{"m_Name":"whatshot","m_Unicode":"e80e"},{"m_Name":"widgets","m_Unicode":"e1bd"},{"m_Name":"wifi","m_Unicode":"e63e"},{"m_Name":"wifi_lock","m_Unicode":"e1e1"},{"m_Name":"wifi_tethering","m_Unicode":"e1e2"},{"m_Name":"work","m_Unicode":"e8f9"},{"m_Name":"wrap_text","m_Unicode":"e25b"},{"m_Name":"youtube_searched_for","m_Unicode":"e8fa"},{"m_Name":"zoom_in","m_Unicode":"e8ff"},{"m_Name":"zoom_out","m_Unicode":"e900"},{"m_Name":"zoom_out_map","m_Unicode":"e56b"}]}